,cid,iteration
0,C00001,0
1,C00011,0
2,C00080,0
3,C00282,0
4,C00014,0
5,C00009,0
6,C00283,0
7,C00058,0
8,C00033,0
9,C00209,0
10,C00383,0
11,C00042,0
12,C00158,0
13,C00311,0
14,C00417,0
15,C02341,0
16,C00048,0
17,C00022,0
18,C00109,0
19,C06255,0
20,C00902,0
21,C00036,0
22,C00026,0
23,C00232,0
24,C00186,0
25,C00149,0
26,C00249,0
27,C00037,0
28,C00041,0
29,C00183,0
30,C00123,0
31,C00407,0
32,C00049,0
33,C00152,0
34,C00025,0
35,C00064,0
36,C00065,0
37,C00188,0
38,C00073,0
39,C00097,0
40,C00047,0
41,C00062,0
42,C00148,0
43,C00077,0
44,C00668,1
45,C11472,1
46,C00257,1
47,C19792,1
48,C01005,1
49,C01613,1
50,C06371,1
51,C02964,1
52,C00203,1
53,C20566,1
54,C00795,1
55,C06148,1
56,C00112,1
57,C03981,1
58,C04582,1
59,C02614,1
60,C11549,1
61,C01996,1
62,C00029,1
63,C02727,1
64,C03906,1
65,C00433,1
66,C06366,1
67,C00490,1
68,C20781,1
69,C03618,1
70,C05574,1
71,C00111,1
72,C00270,1
73,C02616,1
74,C04434,1
75,C01172,1
76,C02714,1
77,C02474,1
78,C02273,1
79,C00979,1
80,C00438,1
81,C02266,1
82,C00542,1
83,C02355,1
84,C06217,1
85,C15606,1
86,C03110,1
87,C05399,1
88,C01168,1
89,C15853,1
90,C00159,1
91,C14463,1
92,C00817,1
93,C02670,1
94,C00363,1
95,C17207,1
96,C00470,1
97,C01044,1
98,C01563,1
99,C10906,1
100,C04015,1
101,C00454,1
102,C00603,1
103,C04442,1
104,C00526,1
105,C20565,1
106,C00984,1
107,C00099,1
108,C01222,1
109,C00075,1
110,C02642,1
111,C19879,1
112,C01762,1
113,C03248,1
114,C00361,1
115,C05682,1
116,C00208,1
117,C06033,1
118,C00122,1
119,C01187,1
120,C00242,1
121,C00501,1
122,C11926,1
123,C05404,1
124,C00750,1
125,C00239,1
126,C00046,1
127,C05379,1
128,C12317,1
129,C00337,1
130,C00458,1
131,C03684,1
132,C00095,1
133,C00106,1
134,C00385,1
135,C00327,1
136,C03287,1
137,C18174,1
138,C01548,1
139,C03172,1
140,C00204,1
141,C16352,1
142,C00673,1
143,C19838,1
144,C19880,1
145,C00330,1
146,C01801,1
147,C20239,1
148,C01186,1
149,C06555,1
150,C11437,1
151,C07281,1
152,C00437,1
153,C00015,1
154,C00052,1
155,C02067,1
156,C06372,1
157,C00705,1
158,C01043,1
159,C00446,1
160,C01990,1
161,C03030,1
162,C00898,1
163,C04188,1
164,C00764,1
165,C01101,1
166,C03826,1
167,C00279,1
168,C05364,1
169,C19669,1
170,C00675,1
171,C19781,1
172,C00372,1
173,C05524,1
174,C00409,1
175,C00577,1
176,C00179,1
177,C17209,1
178,C20560,1
179,C01103,1
180,C01042,1
181,C20236,1
182,C00230,1
183,C00020,1
184,C00575,1
185,C01417,1
186,C00167,1
187,C01210,1
188,C06023,1
189,C02492,1
190,C06218,1
191,C06222,1
192,C01096,1
193,C05382,1
194,C06006,1
195,C06892,1
196,C19929,1
197,C00256,1
198,C05324,1
199,C00155,1
200,C05946,1
201,C04287,1
202,C00002,1
203,C00620,1
204,C01502,1
205,C18172,1
206,C20251,1
207,C03737,1
208,C03223,1
209,C00309,1
210,C01518,1
211,C02637,1
212,C00719,1
213,C00570,1
214,C00701,1
215,C04225,1
216,C00177,1
217,C02739,1
218,C06030,1
219,C06398,1
220,C00275,1
221,C01300,1
222,C00652,1
223,C00965,1
224,C01231,1
225,C03354,1
226,C00734,1
227,C02354,1
228,C00089,1
229,C03708,1
230,C02291,1
231,C03733,1
232,C00191,1
233,C20888,1
234,C00222,1
235,C03989,1
236,C03283,1
237,C06441,1
238,C00250,1
239,C02726,1
240,C00299,1
241,C00315,1
242,C20440,1
243,C01825,1
244,C00636,1
245,C00216,1
246,C07836,1
247,C00190,1
248,C06397,1
249,C03145,1
250,C00131,1
251,C04282,1
252,C00429,1
253,C01146,1
254,C00008,1
255,C00043,1
256,C03267,1
257,C00689,1
258,C05385,1
259,C04593,1
260,C05796,1
261,C01219,1
262,C03848,1
263,C00900,1
264,C15854,1
265,C02565,1
266,C04847,1
267,C15556,1
268,C20887,1
269,C01286,1
270,C01159,1
271,C00508,1
272,C03671,1
273,C05378,1
274,C00514,1
275,C00236,1
276,C00617,1
277,C00737,1
278,C02946,1
279,C02723,1
280,C04324,1
281,C00611,1
282,C00791,1
283,C04534,1
284,C00169,1
285,C02787,1
286,C15548,1
287,C01672,1
288,C19878,1
289,C04121,1
290,C00185,1
291,C20245,1
292,C00117,1
293,C00935,1
294,C06400,1
295,C00476,1
296,C05396,1
297,C01113,1
298,C01097,1
299,C00019,1
300,C11515,1
301,C06893,1
302,C14899,1
303,C00394,1
304,C00134,1
305,C00055,1
306,C00243,1
307,C05822,1
308,C01215,1
309,C00288,1
310,C00039,1
311,C00360,1
312,C15532,1
313,C00498,1
314,C00878,1
315,C00688,1
316,C00119,1
317,C01127,1
318,C00352,1
319,C02132,1
320,C00054,1
321,C19813,1
322,C03394,1
323,C00404,1
324,C01346,1
325,C15541,1
326,C02362,1
327,C11552,1
328,C16688,1
329,C00645,1
330,C00380,1
331,C02514,1
332,C03406,1
333,C04478,1
334,C00492,1
335,C01142,1
336,C01182,1
337,C02591,1
338,C02926,1
339,C01674,1
340,C04115,1
341,C00124,1
342,C04631,1
343,C00941,1
344,C02013,1
345,C00096,1
346,C06019,1
347,C00369,1
348,C00460,1
349,C06216,1
350,C00130,1
351,C00436,1
352,C18239,1
353,C00760,1
354,C02405,1
355,C01234,1
356,C01151,1
357,C03090,1
358,C05925,1
359,C03167,1
360,C03375,1
361,C00259,1
362,C02306,1
363,C14830,1
364,C02269,1
365,C01083,1
366,C00676,1
367,C00387,1
368,C04219,1
369,C04181,1
370,C20277,1
371,C00170,1
372,C00804,1
373,C00679,1
374,C00721,1
375,C00231,1
376,C01132,1
377,C02837,1
378,C00691,1
379,C04122,1
380,C01026,1
381,C00266,1
382,C01112,1
383,C05601,1
384,C01236,1
385,C00013,1
386,C11930,1
387,C01010,1
388,C00559,1
389,C03872,1
390,C00105,1
391,C04613,1
392,C00810,1
393,C00312,1
394,C05829,1
395,C01326,1
396,C00461,1
397,C00144,1
398,C00310,1
399,C02097,1
400,C02225,1
401,C00624,1
402,C00067,1
403,C01261,1
404,C04874,1
405,C00879,1
406,C01742,1
407,C00475,1
408,C00307,1
409,C01102,1
410,C02336,1
411,C00546,1
412,C00044,1
413,C00488,1
414,C02048,1
415,C18094,1
416,C00718,1
417,C01118,1
418,C16848,1
419,C18050,1
420,C03323,1
421,C20248,1
422,C00103,1
423,C01077,1
424,C03703,1
425,C19793,1
426,C18060,1
427,C00905,1
428,C03584,1
429,C15925,1
430,C04030,1
431,C00558,1
432,C00565,1
433,C00680,1
434,C00300,1
435,C06201,1
436,C00066,1
437,C00196,1
438,C06193,1
439,C00669,1
440,C00114,1
441,C00665,1
442,C03785,1
443,C03486,1
444,C00881,1
445,C05945,1
446,C00655,1
447,C02280,1
448,C00362,1
449,C11550,1
450,C00081,1
451,C03661,1
452,C05402,1
453,C00975,1
454,C00818,1
455,C18076,1
456,C11516,1
457,C00128,1
458,C02353,1
459,C00813,1
460,C00986,1
461,C06215,1
462,C16565,1
463,C00334,1
464,C19787,1
465,C20485,1
466,C00258,1
467,C03387,1
468,C02967,1
469,C00035,1
470,C05400,1
471,C03233,1
472,C01045,1
473,C01268,1
474,C00104,1
475,C04739,1
476,C00588,1
477,C15650,1
478,C19823,1
479,C19791,1
480,C06010,1
481,C05923,1
482,C02076,1
483,C00121,1
484,C00212,1
485,C06468,1
486,C11514,1
487,C02142,1
488,C00021,1
489,C01732,1
490,C04691,1
491,C19882,1
492,C04479,1
493,C01216,1
494,C00147,1
495,C00189,1
496,C00329,1
497,C00502,1
498,C00944,1
499,C00031,1
500,C01137,1
501,C15926,1
502,C00354,1
503,C00168,1
504,C01566,1
505,C03453,1
506,C20641,1
507,C04133,1
508,C00018,1
509,C00346,1
510,C00252,1
511,C00198,1
512,C03166,1
513,C00545,1
514,C01260,1
515,C00973,1
516,C20640,1
517,C00294,1
518,C00942,1
519,C06156,1
520,C00221,1
521,C03383,1
522,C01728,1
523,C00197,1
524,C02512,1
525,C03291,1
526,C12624,1
527,C02798,1
528,C15607,1
529,C03431,1
530,C06244,1
531,C15767,1
532,C02753,1
533,C06194,1
534,C01367,1
535,C05519,1
536,C13482,1
537,C00464,1
538,C03082,1
539,C00263,1
540,C03794,1
541,C11907,1
542,C00295,1
543,C05512,1
544,C20567,1
545,C00672,1
546,C00201,1
547,C12147,1
548,C06655,1
549,C02995,1
550,C04257,1
551,C06210,1
552,C05922,1
553,C00940,1
554,C00074,1
555,C01725,1
556,C01304,1
557,C01029,1
558,C19881,1
559,C00618,1
560,C00333,1
561,C00536,1
562,C00794,1
563,C00684,1
564,C01353,1
565,C00663,1
566,C00092,1
567,C00140,1
568,C00063,1
569,C03589,1
570,C04089,1
571,C03089,1
572,C18068,1
573,C00596,1
574,C00631,1
575,C04037,1
576,C06620,1
577,C16737,1
578,C00736,1
579,C00181,1
580,C00118,1
581,C07282,1
582,C03921,1
583,C00286,1
584,C05931,1
585,C00227,1
586,C00345,1
587,C20237,1
588,C00581,1
589,C01170,1
590,C02655,1
591,C07838,1
592,C19779,1
593,C05345,1
594,C08242,1
595,C03217,1
596,C16698,1
597,C04734,1
598,C01879,1
599,C11544,1
600,C00267,1
601,C00842,1
602,C00365,1
603,C00856,1
604,C04639,1
605,C15563,1
606,C00301,1
607,C02305,1
608,C15651,1
609,C06219,1
610,C03961,1
611,C00682,1
612,C02486,1
613,C01368,1
614,C01073,1
615,C01114,1
616,C00880,1
617,C00793,1
618,C05341,1
619,C00084,1
620,C00357,1
621,C00199,1
622,C00262,1
623,C00085,1
624,C20861,1
625,C01935,1
626,C06442,1
627,C00447,1
628,C06231,1
629,C00184,1
630,C04017,1
631,C17234,1
632,C01094,1
633,C16463,1
634,C00090,1
635,C00213,1
636,C11551,1
637,C02107,1
638,C00086,1
639,C00820,1
640,C04895,1
641,C02352,1
642,C06241,1
643,C00206,1
644,C04501,1
645,C00459,1
646,C06352,2
647,C01243,2
648,C02532,2
649,C00215,2
650,C04349,2
651,C20896,2
652,C04751,2
653,C05340,2
654,C02167,2
655,C04051,2
656,C06198,2
657,C00408,2
658,C01384,2
659,C04299,2
660,C12270,2
661,C01962,2
662,C04666,2
663,C05730,2
664,C05198,2
665,C11555,2
666,C07272,2
667,C19794,2
668,C03483,2
669,C02741,2
670,C04677,2
671,C03660,2
672,C04823,2
673,C03451,2
674,C15996,2
675,C03614,2
676,C02073,2
677,C04810,2
678,C19761,2
679,C01948,2
680,C05711,2
681,C00491,2
682,C11511,2
683,C04053,2
684,C01117,2
685,C20889,2
686,C00497,2
687,C06189,2
688,C17530,2
689,C19799,2
690,C06197,2
691,C04896,2
692,C00137,2
693,C04563,2
694,C04006,2
695,C00051,2
696,C01031,2
697,C04752,2
698,C15667,2
699,C03546,2
700,C01240,2
701,C01267,2
702,C03373,2
703,C19960,2
704,C01420,2
705,C04063,2
706,C04544,2
707,C00132,2
708,C01329,2
709,C01177,2
710,C02385,2
711,C00214,2
712,C03716,2
713,C00700,2
714,C20845,2
715,C01817,2
716,C05821,2
717,C00127,2
718,C06393,2
719,C15990,2
720,C03174,2
721,C01596,2
722,C02376,2
723,C11908,2
724,C00237,2
725,C11526,2
726,C20198,2
727,C04494,2
728,C19809,2
729,C20776,2
730,C01204,2
731,C02218,2
732,C14180,2
733,C15991,2
734,C01279,2
735,C04556,2
736,C02501,2
737,C03419,2
738,C02466,2
739,C06118,2
740,C04477,2
741,C01272,2
742,C04062,2
743,C03659,2
744,C03752,2
745,C01245,2
746,C15585,2
747,C00178,2
748,C04292,2
749,C11174,2
750,C05993,2
751,C00027,2
752,C04807,2
753,C04058,2
754,C04579,2
755,C04916,2
756,C01220,2
757,C20366,2
758,C06192,2
759,C01235,2
760,C03418,2
761,C20844,2
762,C20690,2
763,C00716,2
764,C20589,2
765,C00740,2
766,C04212,2
767,C03838,2
768,C00801,2
769,C18232,2
770,C03015,2
771,C01228,2
772,C04520,2
773,C01284,2
774,C00364,2
775,C04392,2
776,C20190,2
777,C01933,3
778,C04039,3
779,C17581,3
780,C00402,3
781,C05161,3
782,C19719,3
783,C02647,3
784,C20644,3
785,C00819,3
786,C00860,3
787,C20234,3
788,C03079,3
789,C01743,3
790,C04390,3
791,C05359,3
792,C00792,3
793,C04886,3
794,C20353,3
795,C00855,3
796,C04272,3
797,C15668,3
798,C03539,3
799,C02220,3
800,C04462,3
801,C05360,3
802,C12115,3
803,C20267,3
804,C06007,3
805,C00966,3
806,C03232,3
807,C05947,3
808,C00647,3
809,C02237,3
810,C04268,3
811,C05548,3
812,C11933,3
813,C07481,3
814,C00739,3
815,C01180,3
816,C00217,3
817,C13747,3
818,C00763,3
819,C03738,3
820,C16849,3
821,C00515,3
822,C00534,3
823,C03943,3
824,C19947,3
825,C00671,3
826,C04421,3
827,C16358,3
828,C05673,3
829,C05361,3
830,C07480,3
831,C04346,3
832,C03239,3
833,C01165,3
834,C01201,3
835,C00697,3
836,C19961,3
837,C00302,3
838,C00133,3
839,C00233,3
840,C20258,3
841,C16741,3
842,C19948,3
843,C01250,3
844,C05328,3
845,C11838,3
846,C00555,3
847,C11925,3
848,C17580,3
849,C01283,3
850,C13050,3
851,C01239,3
852,C16356,3
853,C04540,3
854,C04076,3
855,C02223,3
856,C01214,3
857,C03557,3
858,C00993,3
859,C04322,3
860,C00957,3
861,C00141,3
862,C01100,3
863,C16365,3
864,C04630,3
865,C16850,3
866,C03771,3
867,C01419,3
868,C03366,3
869,C16353,3
870,C00441,3
871,C15486,3
872,C03972,3
873,C20638,3
874,C02627,3
875,C17582,3
876,C04236,3
877,C00666,3
878,C03298,4
879,C00884,4
880,C03078,4
881,C04138,4
882,C00386,4
883,C05575,4
884,C01152,4
885,C11821,4
886,C01262,4
887,C04280,4
888,C03139,4
889,C12248,4
890,C03065,4
891,C03409,4
892,C02348,4
893,C03680,4
894,C00499,4
895,C03047,4
896,C05127,4
897,C07305,4
898,C02350,4
899,C04259,4
900,C00388,4
901,C01035,4
902,C01294,4
903,C03277,4
904,C02091,4
905,C00135,4
906,C00785,4
907,C00439,4
908,C15583,5
909,C11481,5
910,C03097,5
911,C00850,5
912,C00593,5
913,C00245,5
914,C02703,5
915,C05526,5
916,C00094,5
917,C03851,5
918,C05824,5
919,C01755,5
920,C06656,5
921,C00506,5
922,C01959,5
923,C16069,5
924,C15584,5
925,C00573,5
926,C03149,5
927,C00224,5
928,C11536,5
929,C04376,5
930,C11537,5
931,C05528,5
932,C00059,5
933,C04640,5
934,C00320,5
935,C20679,5
936,C00919,5
937,C00053,5
938,C00450,6
939,C12470,6
940,C11521,6
941,C15809,6
942,C07331,6
943,C19033,6
944,C02427,6
945,C16562,7
946,C16567,7
947,C02090,7
948,C16563,7
949,C16566,7
950,C20775,7
951,C15699,7
952,C04674,8
953,C02827,8
954,C02704,8
955,C01075,8
956,C03789,8
957,C17205,8
958,C19694,9
959,C20684,9
960,C19935,10
961,C00533,10
962,C00887,10
963,C05715,11
964,C01328,11
965,C00552,12
966,C01769,12
967,C03548,13
968,C00012,13
